diam,finer
1.000000000,100.000000
0.400000000,99.979290
0.200000000,99.896460
0.100000000,99.109550
0.059729670,88.453170
0.044341910,78.625560
0.033246280,65.522060
0.021648730,50.781420
0.013436170,31.779110
0.008024608,21.950330
0.004999544,16.941910
0.003576451,13.574030
0.002919435,12.403890
0.001486967,7.207167
