diam,finer
31.5000000,100.0000000
16.0000000,97.8845700
8.0000000,95.7430100
4.0000000,93.2880600
2.0000000,90.9898100
1.0000000,88.1431200
0.5000000,84.5129300
0.2000000,75.8311500
0.1000000,61.0359000
0.0706016,53.0331800
0.0516894,45.5833400
0.0379915,36.7008400
0.0242319,26.9587500
0.0144818,18.3627800
0.0085548,12.3456000
0.0052933,9.0456350
0.0037836,7.0495420
0.0030985,5.9726380
0.0015408,4.7517470
