diam,finer
8.0,100.0
4.0,98.74967
2.0,97.95298
1.0,97.19678
0.5,96.14627
0.25,72.86055
0.125,54.14326
0.07357461,40.22358
0.05356899,34.29265
0.03885201,28.87745
0.02466186,21.14145
0.01458695,15.92454
0.008563013,12.05649
0.005283692,10.2514
0.003764191,8.446309
0.003083222,7.672698
0.001553338,6.263937
