diam,finer
75.0,100.0
63.0,94.77827
45.0,91.80689
31.5,88.46447
16.0,77.96185
8.0,68.39888
4.0,59.33143
2.0,50.54502
1.0,43.26739
0.5,37.82396
0.25,27.77862
0.125,21.81598
0.06360721,19.16202
0.04688382,17.26068
0.03465596,15.05512
0.022231,12.24114
0.01365653,8.801213
0.00727845,6.44352
0.005181196,4.37247
0.003582311,3.097116
0.003053734,2.488679
0.001558283,1.482355
