diam,finer
75.0,100.0
63.0,95.71274
45.0,92.32588
31.5,87.45345
16.0,77.95685
8.0,66.78159
4.0,56.96763
2.0,47.2345
1.0,39.02117
0.5,33.10369
0.25,26.27097
0.125,21.21087
0.06617139,18.60417
0.04863632,16.55816
0.03570282,14.4303
0.02288809,11.40221
0.01384786,8.455946
0.007364848,6.000731
0.005216172,4.099479
0.003590517,3.11738
0.003057421,2.544488
0.001559965,1.398705
