diam,finer
31.5,100.0
16.0,93.442627
8.0,78.9120712
4.0,56.6505203
2.0,37.4068527
1.0,22.5409813
0.5,14.9403839
0.200000003,7.83821058
0.100000001,5.40767622
0.063000001,4.29560566
