diam,finer
31.5,100.0
16.0,93.8038864
8.0,73.6811371
4.0,50.5480042
2.0,32.2811623
1.0,18.9975166
0.5,12.1584101
0.200000003,8.10458469
0.100000001,5.98494768
0.063000001,4.94888496
