diam,finer
75.0,100.0
63.0,92.6402817
45.0,90.2067337
31.5,83.8865891
16.0,72.8529205
8.0,56.8340187
4.0,40.5197868
2.0,29.4152374
1.0,21.3821621
0.5,16.6804485
0.25,13.8645277
0.125,11.5544367
0.0698231757,9.5880537
0.0506576784,8.69887257
0.0369038396,7.61209488
0.02346031,6.0807271
0.0141534219,4.35176325
0.00819366518,2.86979389
0.0050680344,2.07941055
0.00377011858,1.54745436
0.00308452966,1.41069388
0.0015644487,0.9587816
