diam,finer
31.5,100.0
16.0,86.7881317
8.0,63.0264053
4.0,38.0100365
2.0,23.8817348
1.0,15.3283863
0.5,10.8553333
0.25,8.57679844
0.125,6.6195817
0.0647666454,4.91443062
0.0484815054,4.13679123
0.0358500257,3.46423864
0.023213312,2.51846194
0.0140606454,1.69878876
0.00833492726,1.21539164
