diam,finer
31.5,100.0
16.0,98.5039139
8.0,97.1563339
4.0,95.5259323
2.0,94.769516
1.0,94.1977158
0.5,93.3827286
0.25,84.0711975
0.125,52.753746
0.0695187375,36.8868103
0.0514932126,30.2244492
0.0378151499,24.345892
0.0244956966,15.1361542
0.0146147991,9.45355129
0.00866596773,4.40616035
0.00536189135,2.44666958
0.00380304898,1.85882246
0.00311148749,1.46692431
0.00156203832,0.683128119
