diam,finer
4.0,100.0
2.0,99.7888107
1.0,99.6384354
0.5,99.5085907
0.25,98.8576279
0.125,78.1846237
0.0646067783,48.5056496
0.0512633733,32.3386345
0.0389042869,20.5242805
0.0249789655,12.2335043
0.0147933671,7.46630955
0.00865109451,4.97907686
0.00533669442,3.52819109
0.00378929428,2.69911385
0.00309271715,2.22151375
0.00157463585,0.821734667
