diam,finer
63.0,100.0
45.0,99.53751
31.5,93.10266
16.0,88.15234
8.0,81.83739
4.0,73.75652
2.0,62.7168
1.0,52.14951
0.5,43.4719
0.25,35.93986
0.125,31.97328
0.0727848,28.90416
0.05242446,26.39888
0.03797167,22.99886
0.02401561,18.16725
0.01435707,12.97775
0.007593706,8.283707
0.005348308,4.842107
0.003821209,2.915179
0.003136141,2.020425
0.001584352,0.3682735
