diam,finer
8.0,100.0
4.0,98.47328
2.0,94.84733
1.0,91.50763
0.5,88.54961
0.2,84.63566
0.1,78.92657
0.05923969,66.95242
0.04465437,58.79994
0.0337951,48.96903
0.02234335,35.30165
0.01379692,23.31272
0.00831104,14.92048
0.005177334,10.95527
0.003668064,9.372461
0.003011472,8.173701
0.001541766,5.162616
