diam,finer
45.0,100.0
31.5,96.8471527
16.0,80.9732666
8.0,61.1788864
4.0,44.3728561
2.0,32.8169975
1.0,23.9753246
0.5,18.4098682
0.25,14.6199598
0.125,11.9142714
0.0693243369,9.92941952
0.0510839857,8.50550175
0.0372910388,7.32708788
0.0238562431,5.55946684
0.0143047124,4.03734875
0.00828418881,2.51523018
0.00512251211,1.76736081
0.00380176678,1.33681595
0.00311351544,1.15178251
0.00157220114,0.860762954
