diam,finer
63.0,100.0
45.0,95.5925598
31.5,92.5073471
16.0,82.4436874
8.0,62.5857124
4.0,43.8663139
2.0,30.4113655
1.0,20.7884445
0.5,15.6464262
0.25,11.8270588
0.125,9.56695843
0.0666140914,7.70303822
0.0490231737,6.81616592
0.0361243859,5.82696152
0.0231852457,4.53076267
0.0140508376,3.23456383
0.00813743006,2.21124911
0.00505673559,1.55526197
0.00376592507,1.15382385
0.0030909346,0.957056701
0.00156274438,0.747338235
