diam,finer
45.0,100.0
31.5,95.4036255
16.0,80.4365387
8.0,58.0205574
4.0,36.7247925
2.0,22.7624435
1.0,14.6552715
0.5,11.3061543
0.25,8.50022507
0.125,6.69881248
0.0742992684,5.30643034
0.0537521876,4.66764069
0.0389893912,3.92238569
0.0245733038,3.0706656
0.0145734018,2.25443411
0.00833042618,1.54466736
0.00513933878,1.07510543
0.00380606297,0.834900796
0.00311700837,0.701166332
0.00157232606,0.526309371
