diam,finer
45.0,100.0
31.5,94.9884338
16.0,83.3333359
8.0,64.7391434
4.0,45.7465935
2.0,33.0120811
1.0,23.6314583
0.5,18.1444359
0.25,13.6362371
0.125,11.0148287
0.069641687,9.17908573
0.0503881685,8.42292786
0.036569573,7.52499247
0.0230939332,6.29623747
0.0139660342,4.59488487
0.00813805312,2.94079137
0.00505712256,2.0319252
0.00376621331,1.47573781
0.00308823539,1.28669846
0.00155813934,1.09110498
