diam,finer
45.0,100.0
31.5,96.9338608
16.0,85.1949234
8.0,64.2137527
4.0,44.0210228
2.0,31.0556259
1.0,21.769598
0.5,16.3965511
0.25,12.9019098
0.125,10.6364489
0.0713518858,8.97789574
0.0515037701,8.23356724
0.0371962786,7.43961716
0.0234310869,6.24869156
0.0141528184,4.46230268
0.00820191205,2.92402387
0.00510074571,1.92010629
0.00378590054,1.48498845
0.0031086232,1.35125411
0.00156637642,1.11976326
