diam,finer
4.0,100.0
2.0,98.4538116
1.0,96.7143402
0.5,95.5546951
0.200000003,91.3413239
0.100000001,81.6969452
0.065398559,76.6236877
0.0480342768,68.6315918
0.0356892347,57.3094482
0.0224716477,49.3173485
0.0134940911,39.6602287
0.00809974317,29.6758137
0.00506835431,23.6807175
0.00374470442,20.3501053
0.00297065102,19.3509197
0.00144290586,16.3499413
