diam,finer
8.0,100.0
4.0,99.40968
2.0,99.21053
1.0,99.14652
0.5,98.62732
0.2,95.78485
0.1,79.69837
0.06582113,53.31529
0.04906544,44.14614
0.03693807,32.00321
0.02411612,18.62121
0.01449985,9.271306
0.00850309,5.554142
0.005227876,4.382225
0.003704166,3.886611
0.003032696,3.628412
0.001529019,3.047085
