diam,finer
8.0,100.0
4.0,82.3529434
2.0,52.9411774
1.0,30.1366062
0.5,17.2567616
0.25,9.47094154
0.125,3.73965716
0.063000001,0.823153377
,
