diam,finer
8.0,100.0
4.0,99.9192581
2.0,99.7512589
1.0,99.359581
0.5,98.3615952
0.25,94.5313873
0.125,84.0379715
0.0641861111,70.2348938
0.0471350625,62.4535217
0.0344788395,54.9834061
0.0222176295,42.221962
0.0128408689,26.3479671
0.008068542,17.3215771
0.00561890099,12.6527567
0.00365166483,7.67267847
0.00299085048,6.73891544
0.00152146653,3.61907601
