diam,finer
31.5,100.0
16.0,99.0429611
8.0,98.7253113
4.0,98.5189514
2.0,98.3220673
1.0,98.122139
0.5,97.2918701
0.25,65.6505585
0.125,9.98595333
0.063000001,2.78060365
