diam,finer
63.0,100.0
45.0,94.6198425
31.5,87.6771927
16.0,77.8108902
8.0,65.5847321
4.0,54.9742622
2.0,46.8916283
1.0,39.7911491
0.5,33.2058983
0.25,27.3338356
0.125,19.780899
0.0705769137,15.8588514
0.052233316,13.104537
0.0385176763,10.3502235
0.0247180443,7.09512615
0.0138003966,5.00852442
0.00858657621,4.0254097
0.00529197929,3.39636612
0.00376628689,2.89560223
0.00309886131,2.43961287
0.00156457885,1.81835747
