diam,finer
31.5,100.0
16.0,99.7503662
8.0,98.9045563
4.0,97.9412689
2.0,97.0425873
1.0,96.1585922
0.5,95.2422943
0.25,93.1598358
0.125,89.4497223
0.067288436,75.3307724
0.0493944362,67.1751404
0.0365742892,56.3009605
0.0236965716,41.0091476
0.0143887131,27.4164238
0.00853377115,19.3320599
0.00533804949,12.8755932
0.00381984701,9.13763905
0.00312845781,7.84614658
0.00157824683,5.9401021
