diam,finer
2.0,100.0
1.0,99.79897
0.4,99.31075
0.2,97.87479
0.1,94.71568
0.06670781,91.04893
0.04776883,86.99255
0.034243,82.48547
0.0212474,78.38522
0.01259652,69.82072
0.007517385,58.21769
0.004714221,49.31951
0.003405743,41.20601
0.002800208,38.50151
0.00143053,30.93814
